description,name,geometry
"Waypoint: BlackGap <br> Mile: 1.5 <br> Additional <a href=""http://tnlandforms.us/at/m.php?wpt=BlackGap"">information</a>",Black Gap Shelter,"<Point><coordinates>-84.19871,34.61768,0.0</coordinates></Point>"
"Waypoint: Springer <br> Mile: 0.2 <br> Additional <a href=""http://tnlandforms.us/at/m.php?wpt=Springer"">information</a>",Springer Mountain Shelter,"<Point><coordinates>-84.19268,34.62946,0.0</coordinates></Point>"
"Waypoint: StoverCrk <br> Mile: 2.8 <br> Additional <a href=""http://tnlandforms.us/at/m.php?wpt=StoverCrk"">information</a>",Stover Creek Shelter,"<Point><coordinates>-84.20009,34.64906,0.0</coordinates></Point>"
"Waypoint: HawkMtn <br> Mile: 8.1 <br> Additional <a href=""http://tnlandforms.us/at/m.php?wpt=HawkMtn"">information</a>",Hawk Mountain Shelter,"<Point><coordinates>-84.13631,34.66603,0.0</coordinates></Point>"
"Waypoint: GoochMtn <br> Mile: 15.8 <br> Additional <a href=""http://tnlandforms.us/at/m.php?wpt=GoochMtn"">information</a>",Gooch Mountain Shelter,"<Point><coordinates>-84.04994,34.65565,0.0</coordinates></Point>"
"Waypoint: WoodsHole <br> Mile: 28.1 <br> Additional <a href=""http://tnlandforms.us/at/m.php?wpt=WoodsHole"">information</a>",Woods Hole Shelter,"<Point><coordinates>-83.95495,34.73724,0.0</coordinates></Point>"
"Waypoint: BloodMtn <br> Mile: 29.3 <br> Additional <a href=""http://tnlandforms.us/at/m.php?wpt=BloodMtn"">information</a>",Blood Mountain Shelter,"<Point><coordinates>-83.93743,34.74003,0.0</coordinates></Point>"
"Waypoint: WhitleyG <br> Mile: 38.4 <br> Additional <a href=""http://tnlandforms.us/at/m.php?wpt=WhitleyG"">information</a>",Whitley Gap Shelter,"<Point><coordinates>-83.83428,34.7125,0.0</coordinates></Point>"
"Waypoint: LowGap <br> Mile: 43.2 <br> Additional <a href=""http://tnlandforms.us/at/m.php?wpt=LowGap"">information</a>",Low Gap Shelter,"<Point><coordinates>-83.8245,34.77625,0.0</coordinates></Point>"
"Waypoint: BlueMtn <br> Mile: 50.5 <br> Additional <a href=""http://tnlandforms.us/at/m.php?wpt=BlueMtn"">information</a>",Blue Mountain Shelter,"<Point><coordinates>-83.76668,34.81724,0.0</coordinates></Point>"
"Waypoint: TrayMtn <br> Mile: 58.6 <br> Additional <a href=""http://tnlandforms.us/at/m.php?wpt=TrayMtn"">information</a>",Tray Mountain Shelter,"<Point><coordinates>-83.67678,34.80413,0.0</coordinates></Point>"
"Waypoint: DeepGap <br> Mile: 66.0 <br> Additional <a href=""http://tnlandforms.us/at/m.php?wpt=DeepGap"">information</a>",Deep Gap Shelter,"<Point><coordinates>-83.64591,34.88248,0.0</coordinates></Point>"
"Waypoint: Plumorchar <br> Mile: 74.1 <br> Additional <a href=""http://tnlandforms.us/at/m.php?wpt=Plumorchar"">information</a>",Plumorchard Gap Shelter,"<Point><coordinates>-83.58828,34.94594,0.0</coordinates></Point>"
"Waypoint: MuskratCr <br> Mile: 81.4 <br> Additional <a href=""http://tnlandforms.us/at/m.php?wpt=MuskratCr"">information</a>",Muskrat Creek Shelter,"<Point><coordinates>-83.58144,35.02072,0.0</coordinates></Point>"
"Waypoint: StandingI <br> Mile: 86.3 <br> Additional <a href=""http://tnlandforms.us/at/m.php?wpt=StandingI"">information</a>",Standing Indian Shelter,"<Point><coordinates>-83.54806,35.04197,0.0</coordinates></Point>"
"Waypoint: CarterG1 <br> Mile: 93.9 <br> Additional <a href=""http://tnlandforms.us/at/m.php?wpt=CarterG1"">information</a>",Carter Gap Shelter (old),"<Point><coordinates>-83.49476,34.99998,0.0</coordinates></Point>"
"Waypoint: CarterG2 <br> Mile: 93.9 <br> Additional <a href=""http://tnlandforms.us/at/m.php?wpt=CarterG2"">information</a>",Carter Gap Shelter (new),"<Point><coordinates>-83.49408,34.99902,0.0</coordinates></Point>"
"Waypoint: LongBr <br> Mile: 102.5 <br> Additional <a href=""http://tnlandforms.us/at/m.php?wpt=LongBr"">information</a>",Long Branch Shelter,"<Point><coordinates>-83.498158,35.069971,0.0</coordinates></Point>"
"Waypoint: RockGap <br> Mile: 106.0 <br> Additional <a href=""http://tnlandforms.us/at/m.php?wpt=RockGap"">information</a>",Rock Gap Shelter,"<Point><coordinates>-83.52303,35.09159,0.0</coordinates></Point>"
"Waypoint: SilerBald <br> Mile: 114.0 <br> Additional <a href=""http://tnlandforms.us/at/m.php?wpt=SilerBald"">information</a>",Siler Bald Shelter,"<Point><coordinates>-83.57247,35.14422,0.0</coordinates></Point>"
"Waypoint: Wayah <br> Mile: 120.8 <br> Additional <a href=""http://tnlandforms.us/at/m.php?wpt=Wayah"">information</a>",Wayah Shelter,"<Point><coordinates>-83.56441,35.18946,0.0</coordinates></Point>"
"Waypoint: ColdSpr <br> Mile: 125.6 <br> Additional <a href=""http://tnlandforms.us/at/m.php?wpt=ColdSpr"">information</a>",Cold Spring Shelter,"<Point><coordinates>-83.55996,35.23109,0.0</coordinates></Point>"
"Waypoint: WesserBal <br> Mile: 131.4 <br> Additional <a href=""http://tnlandforms.us/at/m.php?wpt=WesserBal"">information</a>",Wesser Bald Shelter,"<Point><coordinates>-83.58211,35.28248,0.0</coordinates></Point>"
"Waypoint: ARufusM <br> Mile: 136.3 <br> Additional <a href=""http://tnlandforms.us/at/m.php?wpt=ARufusM"">information</a>",A. Rufus Morgan Shelter,"<Point><coordinates>-83.59018,35.32427,0.0</coordinates></Point>"
"Waypoint: Sassafras <br> Mile: 144.0 <br> Additional <a href=""http://tnlandforms.us/at/m.php?wpt=Sassafras"">information</a>",Sassafras Gap Shelter,"<Point><coordinates>-83.66688,35.33087,0.0</coordinates></Point>"
"Waypoint: BrownFork <br> Mile: 153.1 <br> Additional <a href=""http://tnlandforms.us/at/m.php?wpt=BrownFork"">information</a>",Brown Fork Gap Shelter,"<Point><coordinates>-83.73392,35.37427,0.0</coordinates></Point>"
"Waypoint: CableGap <br> Mile: 159.2 <br> Additional <a href=""http://tnlandforms.us/at/m.php?wpt=CableGap"">information</a>",Cable Gap Shelter,"<Point><coordinates>-83.77342,35.41523,0.0</coordinates></Point>"
"Waypoint: Fontana <br> Mile: 165.9 <br> Additional <a href=""http://tnlandforms.us/at/m.php?wpt=Fontana"">information</a>",Fontana Dam Shelter,"<Point><coordinates>-83.79398,35.44849,0.0</coordinates></Point>"
"Waypoint: MolliesR <br> Mile: 177.3 <br> Additional <a href=""http://tnlandforms.us/at/m.php?wpt=MolliesR"">information</a>",Mollies Ridge Shelter,"<Point><coordinates>-83.7935,35.54588,0.0</coordinates></Point>"
"Waypoint: RussellFi <br> Mile: 180.4 <br> Additional <a href=""http://tnlandforms.us/at/m.php?wpt=RussellFi"">information</a>",Russell Field Shelter,"<Point><coordinates>-83.7669,35.5619,0.0</coordinates></Point>"
"Waypoint: SpenceFld <br> Mile: 183.2 <br> Additional <a href=""http://tnlandforms.us/at/m.php?wpt=SpenceFld"">information</a>",Spence Field Shelter,"<Point><coordinates>-83.7322,35.5617,0.0</coordinates></Point>"
"Waypoint: DerrickKn <br> Mile: 189.3 <br> Additional <a href=""http://tnlandforms.us/at/m.php?wpt=DerrickKn"">information</a>",Derrick Knob Shelter,"<Point><coordinates>-83.64179,35.56635,0.0</coordinates></Point>"
"Waypoint: SilersBal <br> Mile: 195.0 <br> Additional <a href=""http://tnlandforms.us/at/m.php?wpt=SilersBal"">information</a>",Silers Bald Shelter,"<Point><coordinates>-83.56822,35.5643,0.0</coordinates></Point>"
"Waypoint: DoubleSp1 <br> Mile: 196.7 <br> Additional <a href=""http://tnlandforms.us/at/m.php?wpt=DoubleSp1"">information</a>",Double Spring Gap Shelter,"<Point><coordinates>-83.54274,35.56527,0.0</coordinates></Point>"
"Waypoint: MtCollin <br> Mile: 202.8 <br> Additional <a href=""http://tnlandforms.us/at/m.php?wpt=MtCollin"">information</a>",Mt. Collins Shelter,"<Point><coordinates>-83.47129,35.59384,0.0</coordinates></Point>"
"Waypoint: MtLeCont <br> Mile: 210.0 <br> Additional <a href=""http://tnlandforms.us/at/m.php?wpt=MtLeCont"">information</a>",Mount Le Conte Shelter,"<Point><coordinates>-83.4389,35.6528,0.0</coordinates></Point>"
"Waypoint: Icewater <br> Mile: 210.1 <br> Additional <a href=""http://tnlandforms.us/at/m.php?wpt=Icewater"">information</a>",Icewater Spring Shelter,"<Point><coordinates>-83.38627,35.62979,0.0</coordinates></Point>"
"Waypoint: PecksCorn <br> Mile: 217.3 <br> Additional <a href=""http://tnlandforms.us/at/m.php?wpt=PecksCorn"">information</a>",Pecks Corner Shelter,"<Point><coordinates>-83.30848,35.65083,0.0</coordinates></Point>"
"Waypoint: Tricorner <br> Mile: 222.2 <br> Additional <a href=""http://tnlandforms.us/at/m.php?wpt=Tricorner"">information</a>",Tricorner Knob Shelter,"<Point><coordinates>-83.25653,35.69376,0.0</coordinates></Point>"
"Waypoint: CosbyKnob <br> Mile: 229.9 <br> Additional <a href=""http://tnlandforms.us/at/m.php?wpt=CosbyKnob"">information</a>",Cosby Knob Shelter,"<Point><coordinates>-83.1822,35.72828,0.0</coordinates></Point>"
"Waypoint: Davenport <br> Mile: 235.9 <br> Additional <a href=""http://tnlandforms.us/at/m.php?wpt=Davenport"">information</a>",Davenport Gap Shelter,"<Point><coordinates>-83.1234,35.7693,0.0</coordinates></Point>"
"Waypoint: Groundhog <br> Mile: 247.5 <br> Additional <a href=""http://tnlandforms.us/at/m.php?wpt=Groundhog"">information</a>",Groundhog Creek Shelter,"<Point><coordinates>-83.02632,35.78184,0.0</coordinates></Point>"
"Waypoint: RoaringFo <br> Mile: 255.7 <br> Additional <a href=""http://tnlandforms.us/at/m.php?wpt=RoaringFo"">information</a>",Roaring Fork Shelter,"<Point><coordinates>-82.94978,35.805,0.0</coordinates></Point>"
"Waypoint: WalnutMtn <br> Mile: 260.6 <br> Additional <a href=""http://tnlandforms.us/at/m.php?wpt=WalnutMtn"">information</a>",Walnut Mountain Shelter,"<Point><coordinates>-82.93649,35.8365,0.0</coordinates></Point>"
"Waypoint: DeerPark <br> Mile: 270.5 <br> Additional <a href=""http://tnlandforms.us/at/m.php?wpt=DeerPark"">information</a>",Deer Park Mountain Shelter,"<Point><coordinates>-82.86125,35.87595,0.0</coordinates></Point>"
"Waypoint: SpringMtn <br> Mile: 284.7 <br> Additional <a href=""http://tnlandforms.us/at/m.php?wpt=SpringMtn"">information</a>",Spring Mountain Shelter,"<Point><coordinates>-82.79007,35.95177,0.0</coordinates></Point>"
"Waypoint: LittleLrl <br> Mile: 293.3 <br> Additional <a href=""http://tnlandforms.us/at/m.php?wpt=LittleLrl"">information</a>",Little Laurel Shelter,"<Point><coordinates>-82.73592,36.0151,0.0</coordinates></Point>"
"Waypoint: JerryCabi <br> Mile: 300.1 <br> Additional <a href=""http://tnlandforms.us/at/m.php?wpt=JerryCabi"">information</a>",Jerry Cabin,"<Point><coordinates>-82.65713,36.05655,0.0</coordinates></Point>"
"Waypoint: FlintMtn <br> Mile: 306.4 <br> Additional <a href=""http://tnlandforms.us/at/m.php?wpt=FlintMtn"">information</a>",Flint Mountain Shelter,"<Point><coordinates>-82.59664,36.03486,0.0</coordinates></Point>"
"Waypoint: HogbackR <br> Mile: 315.2 <br> Additional <a href=""http://tnlandforms.us/at/m.php?wpt=HogbackR"">information</a>",Hogback Ridge Shelter,"<Point><coordinates>-82.58713,35.96408,0.0</coordinates></Point>"
"Waypoint: BaldMtn <br> Mile: 325.3 <br> Additional <a href=""http://tnlandforms.us/at/m.php?wpt=BaldMtn"">information</a>",Bald Mountain Shelter,"<Point><coordinates>-82.47809,36.00016,0.0</coordinates></Point>"
"Waypoint: NoBusines <br> Mile: 335.9 <br> Additional <a href=""http://tnlandforms.us/at/m.php?wpt=NoBusines"">information</a>",No Business Knob Shelter,"<Point><coordinates>-82.43365,36.06662,0.0</coordinates></Point>"
"Waypoint: CurleyMap <br> Mile: 346.4 <br> Additional <a href=""http://tnlandforms.us/at/m.php?wpt=CurleyMap"">information</a>",Curley Maple Gap Shelter,"<Point><coordinates>-82.39684,36.10433,0.0</coordinates></Point>"
"Waypoint: CherryGap <br> Mile: 359.2 <br> Additional <a href=""http://tnlandforms.us/at/m.php?wpt=CherryGap"">information</a>",Cherry Gap Shelter,"<Point><coordinates>-82.26412,36.12924,0.0</coordinates></Point>"
"Waypoint: ClydeSmit <br> Mile: 368.3 <br> Additional <a href=""http://tnlandforms.us/at/m.php?wpt=ClydeSmit"">information</a>",Clyde Smith Shelter,"<Point><coordinates>-82.16118,36.14852,0.0</coordinates></Point>"
"Waypoint: RoanHigh <br> Mile: 376.8 <br> Additional <a href=""http://tnlandforms.us/at/m.php?wpt=RoanHigh"">information</a>",Roan High Knob Shelter,"<Point><coordinates>-82.12222,36.10506,0.0</coordinates></Point>"
"Waypoint: StanMurra <br> Mile: 382.0 <br> Additional <a href=""http://tnlandforms.us/at/m.php?wpt=StanMurra"">information</a>",Stan Murray Shelter,"<Point><coordinates>-82.06571,36.11236,0.0</coordinates></Point>"
"Waypoint: Overmounta <br> Mile: 383.9 <br> Additional <a href=""http://tnlandforms.us/at/m.php?wpt=Overmounta"">information</a>",Overmountain Shelter,"<Point><coordinates>-82.05429,36.12349,0.0</coordinates></Point>"
"Waypoint: Mountainee <br> Mile: 401.9 <br> Additional <a href=""http://tnlandforms.us/at/m.php?wpt=Mountainee"">information</a>",Mountaineer Falls Shelter,"<Point><coordinates>-81.9857,36.2202,0.0</coordinates></Point>"
"Waypoint: MorelandG <br> Mile: 411.5 <br> Additional <a href=""http://tnlandforms.us/at/m.php?wpt=MorelandG"">information</a>",Moreland Gap Shelter,"<Point><coordinates>-82.08831,36.22015,0.0</coordinates></Point>"
"Waypoint: LaurelFrk <br> Mile: 420.1 <br> Additional <a href=""http://tnlandforms.us/at/m.php?wpt=LaurelFrk"">information</a>",Laurel Fork Shelter,"<Point><coordinates>-82.13623,36.27876,0.0</coordinates></Point>"
"Waypoint: WataugaLk <br> Mile: 428.7 <br> Additional <a href=""http://tnlandforms.us/at/m.php?wpt=WataugaLk"">information</a>",Watauga Lake Shelter,"<Point><coordinates>-82.1294,36.31398,0.0</coordinates></Point>"
"Waypoint: Vandevente <br> Mile: 435.9 <br> Additional <a href=""http://tnlandforms.us/at/m.php?wpt=Vandevente"">information</a>",Vandeventer Shelter,"<Point><coordinates>-82.05877,36.36707,0.0</coordinates></Point>"
"Waypoint: IronMount <br> Mile: 442.7 <br> Additional <a href=""http://tnlandforms.us/at/m.php?wpt=IronMount"">information</a>",Iron Mountain Shelter,"<Point><coordinates>-81.99095,36.4354,0.0</coordinates></Point>"
"Waypoint: DoubleSp2 <br> Mile: 450.3 <br> Additional <a href=""http://tnlandforms.us/at/m.php?wpt=DoubleSp2"">information</a>",Double Springs Shelter,"<Point><coordinates>-81.98606,36.50911,0.0</coordinates></Point>"
"Waypoint: AbingdonG <br> Mile: 458.6 <br> Additional <a href=""http://tnlandforms.us/at/m.php?wpt=AbingdonG"">information</a>",Abingdon Gap Shelter,"<Point><coordinates>-81.90189,36.58094,0.0</coordinates></Point>"
"Waypoint: ThePlace <br> Mile: 468.8 <br> Additional <a href=""http://tnlandforms.us/at/m.php?wpt=ThePlace"">information</a>",The Place,"<Point><coordinates>-81.78728,36.63389,0.0</coordinates></Point>"
"Waypoint: Saunders <br> Mile: 478.3 <br> Additional <a href=""http://tnlandforms.us/at/m.php?wpt=Saunders"">information</a>",Saunders Shelter,"<Point><coordinates>-81.71347,36.63776,0.0</coordinates></Point>"
"Waypoint: LostMtn <br> Mile: 484.8 <br> Additional <a href=""http://tnlandforms.us/at/m.php?wpt=LostMtn"">information</a>",Lost Mountain Shelter,"<Point><coordinates>-81.65592,36.64419,0.0</coordinates></Point>"
"Waypoint: ThomasKnb <br> Mile: 497.2 <br> Additional <a href=""http://tnlandforms.us/at/m.php?wpt=ThomasKnb"">information</a>",Thomas Knob Shelter,"<Point><coordinates>-81.53524,36.6566,0.0</coordinates></Point>"
"Waypoint: Wise <br> Mile: 502.3 <br> Additional <a href=""http://tnlandforms.us/at/m.php?wpt=Wise"">information</a>",Wise Shelter,"<Point><coordinates>-81.49836,36.654,0.0</coordinates></Point>"
"Waypoint: OldOrchar <br> Mile: 508.3 <br> Additional <a href=""http://tnlandforms.us/at/m.php?wpt=OldOrchar"">information</a>",Old Orchard Shelter,"<Point><coordinates>-81.51121,36.68313,0.0</coordinates></Point>"
"Waypoint: Hurricane <br> Mile: 513.2 <br> Additional <a href=""http://tnlandforms.us/at/m.php?wpt=Hurricane"">information</a>",Hurricane Mountain Shelter,"<Point><coordinates>-81.50952,36.71536,0.0</coordinates></Point>"
"Waypoint: Trimpi <br> Mile: 522.4 <br> Additional <a href=""http://tnlandforms.us/at/m.php?wpt=Trimpi"">information</a>",Trimpi Shelter,"<Point><coordinates>-81.48041,36.74939,0.0</coordinates></Point>"
"Waypoint: Partnershi <br> Mile: 532.2 <br> Additional <a href=""http://tnlandforms.us/at/m.php?wpt=Partnershi"">information</a>",Partnership Shelter,"<Point><coordinates>-81.42237,36.80953,0.0</coordinates></Point>"
"Waypoint: Chatfield <br> Mile: 539.2 <br> Additional <a href=""http://tnlandforms.us/at/m.php?wpt=Chatfield"">information</a>",Chatfield Shelter,"<Point><coordinates>-81.36317,36.85003,0.0</coordinates></Point>"
"Waypoint: DavisPath <br> Mile: 546.6 <br> Additional <a href=""http://tnlandforms.us/at/m.php?wpt=DavisPath"">information</a>",Davis Path camp,"<Point><coordinates>-81.37672,36.91451,0.0</coordinates></Point>"
"Waypoint: KnotMaul <br> Mile: 558.5 <br> Additional <a href=""http://tnlandforms.us/at/m.php?wpt=KnotMaul"">information</a>",Knot Maul Branch Shelter,"<Point><coordinates>-81.40446,37.0008,0.0</coordinates></Point>"
"Waypoint: ChestnutK <br> Mile: 567.9 <br> Additional <a href=""http://tnlandforms.us/at/m.php?wpt=ChestnutK"">information</a>",Chestnut Knob Shelter,"<Point><coordinates>-81.39934,37.05773,0.0</coordinates></Point>"
"Waypoint: Jenkins <br> Mile: 578.6 <br> Additional <a href=""http://tnlandforms.us/at/m.php?wpt=Jenkins"">information</a>",Jenkins Shelter,"<Point><coordinates>-81.24762,37.0934,0.0</coordinates></Point>"
"Waypoint: HelveysM <br> Mile: 592.1 <br> Additional <a href=""http://tnlandforms.us/at/m.php?wpt=HelveysM"">information</a>",Helveys Mill Shelter,"<Point><coordinates>-81.10295,37.13078,0.0</coordinates></Point>"
"Waypoint: JennyKnob <br> Mile: 601.8 <br> Additional <a href=""http://tnlandforms.us/at/m.php?wpt=JennyKnob"">information</a>",Jenny Knob Shelter,"<Point><coordinates>-80.98013,37.15504,0.0</coordinates></Point>"
"Waypoint: Wapiti <br> Mile: 616.3 <br> Additional <a href=""http://tnlandforms.us/at/m.php?wpt=Wapiti"">information</a>",Wapiti Shelter,"<Point><coordinates>-80.82403,37.22386,0.0</coordinates></Point>"
"Waypoint: DocsKnob <br> Mile: 625.8 <br> Additional <a href=""http://tnlandforms.us/at/m.php?wpt=DocsKnob"">information</a>",Docs Knob Shelter,"<Point><coordinates>-80.83615,37.27031,0.0</coordinates></Point>"
"Waypoint: RiceField <br> Mile: 641.5 <br> Additional <a href=""http://tnlandforms.us/at/m.php?wpt=RiceField"">information</a>",Rice Field Shelter,"<Point><coordinates>-80.75835,37.37485,0.0</coordinates></Point>"
"Waypoint: PineSwpB <br> Mile: 654.1 <br> Additional <a href=""http://tnlandforms.us/at/m.php?wpt=PineSwpB"">information</a>",Pine Swamp Branch Shelter,"<Point><coordinates>-80.6084,37.42204,0.0</coordinates></Point>"
"Waypoint: BaileyGap <br> Mile: 658.0 <br> Additional <a href=""http://tnlandforms.us/at/m.php?wpt=BaileyGap"">information</a>",Bailey Gap Shelter,"<Point><coordinates>-80.57702,37.40095,0.0</coordinates></Point>"
"Waypoint: WarSpur <br> Mile: 666.8 <br> Additional <a href=""http://tnlandforms.us/at/m.php?wpt=WarSpur"">information</a>",War Spur Shelter,"<Point><coordinates>-80.47382,37.39757,0.0</coordinates></Point>"
"Waypoint: LaurelCrk <br> Mile: 672.6 <br> Additional <a href=""http://tnlandforms.us/at/m.php?wpt=LaurelCrk"">information</a>",Laurel Creek Shelter,"<Point><coordinates>-80.42068,37.35896,0.0</coordinates></Point>"
"Waypoint: SarverHoll <br> Mile: 679.0 <br> Additional <a href=""http://tnlandforms.us/at/m.php?wpt=SarverHoll"">information</a>",Sarver Hollow Shelter,"<Point><coordinates>-80.33741,37.35469,0.0</coordinates></Point>"
"Waypoint: Niday <br> Mile: 685.0 <br> Additional <a href=""http://tnlandforms.us/at/m.php?wpt=Niday"">information</a>",Niday Shelter,"<Point><coordinates>-80.26403,37.38765,0.0</coordinates></Point>"
"Waypoint: PickleBr <br> Mile: 695.1 <br> Additional <a href=""http://tnlandforms.us/at/m.php?wpt=PickleBr"">information</a>",Pickle Branch Shelter,"<Point><coordinates>-80.1846,37.38016,0.0</coordinates></Point>"
"Waypoint: BoyScout <br> Mile: 708.7 <br> Additional <a href=""http://tnlandforms.us/at/m.php?wpt=BoyScout"">information</a>",Johns Spring Shelter,"<Point><coordinates>-80.07403,37.38537,0.0</coordinates></Point>"
"Waypoint: Catawba <br> Mile: 709.7 <br> Additional <a href=""http://tnlandforms.us/at/m.php?wpt=Catawba"">information</a>",Catawba Mountain Shelter,"<Point><coordinates>-80.05714,37.38818,0.0</coordinates></Point>"
"Waypoint: Campbell <br> Mile: 712.1 <br> Additional <a href=""http://tnlandforms.us/at/m.php?wpt=Campbell"">information</a>",Campbell Shelter,"<Point><coordinates>-80.02922,37.39082,0.0</coordinates></Point>"
"Waypoint: LambertsM <br> Mile: 718.1 <br> Additional <a href=""http://tnlandforms.us/at/m.php?wpt=LambertsM"">information</a>",Lamberts Meadow Shelter,"<Point><coordinates>-79.98754,37.43461,0.0</coordinates></Point>"
"Waypoint: Fullhardt <br> Mile: 732.5 <br> Additional <a href=""http://tnlandforms.us/at/m.php?wpt=Fullhardt"">information</a>",Fullhardt Knob Shelter,"<Point><coordinates>-79.85367,37.39852,0.0</coordinates></Point>"
"Waypoint: WilsonCrk <br> Mile: 738.7 <br> Additional <a href=""http://tnlandforms.us/at/m.php?wpt=WilsonCrk"">information</a>",Wilson Creek Shelter,"<Point><coordinates>-79.78558,37.41936,0.0</coordinates></Point>"
"Waypoint: BobbletsG <br> Mile: 746.0 <br> Additional <a href=""http://tnlandforms.us/at/m.php?wpt=BobbletsG"">information</a>",Bobblets Gap Shelter,"<Point><coordinates>-79.70121,37.46712,0.0</coordinates></Point>"
"Waypoint: CoveMtn1 <br> Mile: 752.5 <br> Additional <a href=""http://tnlandforms.us/at/m.php?wpt=CoveMtn1"">information</a>",Cove Mountain Shelter,"<Point><coordinates>-79.65071,37.51163,0.0</coordinates></Point>"
"Waypoint: BryantRdg <br> Mile: 759.5 <br> Additional <a href=""http://tnlandforms.us/at/m.php?wpt=BryantRdg"">information</a>",Bryant Ridge Shelter,"<Point><coordinates>-79.58557,37.53015,0.0</coordinates></Point>"
"Waypoint: Cornelius <br> Mile: 764.4 <br> Additional <a href=""http://tnlandforms.us/at/m.php?wpt=Cornelius"">information</a>",Cornelius Creek Shelter,"<Point><coordinates>-79.54703,37.49401,0.0</coordinates></Point>"
"Waypoint: ThunderHi <br> Mile: 769.7 <br> Additional <a href=""http://tnlandforms.us/at/m.php?wpt=ThunderHi"">information</a>",Thunder Hill Shelter,"<Point><coordinates>-79.5039,37.52746,0.0</coordinates></Point>"
"Waypoint: MattsCrk <br> Mile: 782.1 <br> Additional <a href=""http://tnlandforms.us/at/m.php?wpt=MattsCrk"">information</a>",Matts Creek Shelter,"<Point><coordinates>-79.4132,37.59955,0.0</coordinates></Point>"
"Waypoint: JohnsHoll <br> Mile: 786.0 <br> Additional <a href=""http://tnlandforms.us/at/m.php?wpt=JohnsHoll"">information</a>",Johns Hollow Shelter,"<Point><coordinates>-79.39178,37.61292,0.0</coordinates></Point>"
"Waypoint: Punchbowl <br> Mile: 794.8 <br> Additional <a href=""http://tnlandforms.us/at/m.php?wpt=Punchbowl"">information</a>",Punchbowl Shelter,"<Point><coordinates>-79.33844,37.67788,0.0</coordinates></Point>"
"Waypoint: BrownMtn <br> Mile: 804.3 <br> Additional <a href=""http://tnlandforms.us/at/m.php?wpt=BrownMtn"">information</a>",Brown Mountain Creek Shelter,"<Point><coordinates>-79.26831,37.70944,0.0</coordinates></Point>"
"Waypoint: CowCamp <br> Mile: 809.9 <br> Additional <a href=""http://tnlandforms.us/at/m.php?wpt=CowCamp"">information</a>",Cow Camp Shelter,"<Point><coordinates>-79.21269,37.74504,0.0</coordinates></Point>"
"Waypoint: SeeleyWoo <br> Mile: 820.1 <br> Additional <a href=""http://tnlandforms.us/at/m.php?wpt=SeeleyWoo"">information</a>",Seeley-Woodworth Shelter,"<Point><coordinates>-79.15488,37.81897,0.0</coordinates></Point>"
"Waypoint: ThePriest <br> Mile: 826.7 <br> Additional <a href=""http://tnlandforms.us/at/m.php?wpt=ThePriest"">information</a>",The Priest Shelter,"<Point><coordinates>-79.07033,37.81765,0.0</coordinates></Point>"
"Waypoint: HarpersCr <br> Mile: 834.3 <br> Additional <a href=""http://tnlandforms.us/at/m.php?wpt=HarpersCr"">information</a>",Harpers Creek Shelter,"<Point><coordinates>-79.0005,37.85619,0.0</coordinates></Point>"
"Waypoint: MaupinFld <br> Mile: 840.5 <br> Additional <a href=""http://tnlandforms.us/at/m.php?wpt=MaupinFld"">information</a>",Maupin Field Shelter,"<Point><coordinates>-78.99363,37.8849,0.0</coordinates></Point>"
"Waypoint: PaulCWo <br> Mile: 856.3 <br> Additional <a href=""http://tnlandforms.us/at/m.php?wpt=PaulCWo"">information</a>",Paul C. Wolfe Shelter,"<Point><coordinates>-78.88367,37.98543,0.0</coordinates></Point>"
"Waypoint: CalfMtn <br> Mile: 869.0 <br> Additional <a href=""http://tnlandforms.us/at/m.php?wpt=CalfMtn"">information</a>",Calf Mountain Shelter,"<Point><coordinates>-78.78555,38.08553,0.0</coordinates></Point>"
"Waypoint: Blackrock <br> Mile: 882.0 <br> Additional <a href=""http://tnlandforms.us/at/m.php?wpt=Blackrock"">information</a>",Blackrock Hut,"<Point><coordinates>-78.74294,38.21426,0.0</coordinates></Point>"
"Waypoint: Pinefield <br> Mile: 895.2 <br> Additional <a href=""http://tnlandforms.us/at/m.php?wpt=Pinefield"">information</a>",Pinefield Hut,"<Point><coordinates>-78.64576,38.29057,0.0</coordinates></Point>"
"Waypoint: Hightop <br> Mile: 903.4 <br> Additional <a href=""http://tnlandforms.us/at/m.php?wpt=Hightop"">information</a>",Hightop Hut,"<Point><coordinates>-78.55836,38.33314,0.0</coordinates></Point>"
"Waypoint: Bearfence <br> Mile: 915.8 <br> Additional <a href=""http://tnlandforms.us/at/m.php?wpt=Bearfence"">information</a>",Bearfence Mountain Hut,"<Point><coordinates>-78.47041,38.44409,0.0</coordinates></Point>"
"Waypoint: RockSpr <br> Mile: 927.3 <br> Additional <a href=""http://tnlandforms.us/at/m.php?wpt=RockSpr"">information</a>",Rock Spring Hut,"<Point><coordinates>-78.4083,38.55353,0.0</coordinates></Point>"
"Waypoint: ByrdsNst <br> Mile: 938.2 <br> Additional <a href=""http://tnlandforms.us/at/m.php?wpt=ByrdsNst"">information</a>",Byrds Nest 3,"<Point><coordinates>-78.32376,38.63441,0.0</coordinates></Point>"
"Waypoint: PassMtn <br> Mile: 942.6 <br> Additional <a href=""http://tnlandforms.us/at/m.php?wpt=PassMtn"">information</a>",Pass Mountain Hut,"<Point><coordinates>-78.3189,38.6766,0.0</coordinates></Point>"
"Waypoint: GravelSpr <br> Mile: 955.7 <br> Additional <a href=""http://tnlandforms.us/at/m.php?wpt=GravelSpr"">information</a>",Gravel Springs Hut,"<Point><coordinates>-78.23362,38.76388,0.0</coordinates></Point>"
"Waypoint: TomFloyd <br> Mile: 966.2 <br> Additional <a href=""http://tnlandforms.us/at/m.php?wpt=TomFloyd"">information</a>",Tom Floyd Wayside Shelter,"<Point><coordinates>-78.16366,38.85046,0.0</coordinates></Point>"
"Waypoint: JimMoll <br> Mile: 974.3 <br> Additional <a href=""http://tnlandforms.us/at/m.php?wpt=JimMoll"">information</a>",Jim n Molly Denton Shelter,"<Point><coordinates>-78.08306,38.89007,0.0</coordinates></Point>"
"Waypoint: ManassasG <br> Mile: 979.8 <br> Additional <a href=""http://tnlandforms.us/at/m.php?wpt=ManassasG"">information</a>",Manassas Gap Shelter,"<Point><coordinates>-78.03269,38.93071,0.0</coordinates></Point>"
"Waypoint: DicksDom <br> Mile: 984.3 <br> Additional <a href=""http://tnlandforms.us/at/m.php?wpt=DicksDom"">information</a>",Dicks Dome Shelter,"<Point><coordinates>-77.99721,38.9697,0.0</coordinates></Point>"
"Waypoint: RodHollow <br> Mile: 992.7 <br> Additional <a href=""http://tnlandforms.us/at/m.php?wpt=RodHollow"">information</a>",Rod Hollow Shelter,"<Point><coordinates>-77.94408,39.04763,0.0</coordinates></Point>"
"Waypoint: SamMoore <br> Mile: 999.6 <br> Additional <a href=""http://tnlandforms.us/at/m.php?wpt=SamMoore"">information</a>",Sam Moore Shelter,"<Point><coordinates>-77.88627,39.09067,0.0</coordinates></Point>"
"Waypoint: BearsDen <br> Mile: 1002.6 <br> Additional <a href=""http://tnlandforms.us/at/m.php?wpt=BearsDen"">information</a>",Bears Den Hostel,"<Point><coordinates>-77.85409,39.11093,0.0</coordinates></Point>"
"Waypoint: Blackburn <br> Mile: 1010.6 <br> Additional <a href=""http://tnlandforms.us/at/m.php?wpt=Blackburn"">information</a>",Blackburn Trail Center,"<Point><coordinates>-77.79803,39.18765,0.0</coordinates></Point>"
"Waypoint: DavidLess <br> Mile: 1013.8 <br> Additional <a href=""http://tnlandforms.us/at/m.php?wpt=DavidLess"">information</a>",David Lesser Shelter,"<Point><coordinates>-77.77909,39.22723,0.0</coordinates></Point>"
"Waypoint: EdGarvey <br> Mile: 1029.4 <br> Additional <a href=""http://tnlandforms.us/at/m.php?wpt=EdGarvey"">information</a>",Ed Garvey Shelter,"<Point><coordinates>-77.66172,39.35982,0.0</coordinates></Point>"
"Waypoint: CramptonG <br> Mile: 1033.5 <br> Additional <a href=""http://tnlandforms.us/at/m.php?wpt=CramptonG"">information</a>",Crampton Gap Shelter,"<Point><coordinates>-77.63702,39.41259,0.0</coordinates></Point>"
"Waypoint: RockyRun <br> Mile: 1038.5 <br> Additional <a href=""http://tnlandforms.us/at/m.php?wpt=RockyRun"">information</a>",Rocky Run Shelter,"<Point><coordinates>-77.63087,39.46095,0.0</coordinates></Point>"
"Waypoint: PineKnob <br> Mile: 1046.0 <br> Additional <a href=""http://tnlandforms.us/at/m.php?wpt=PineKnob"">information</a>",Pine Knob Shelter,"<Point><coordinates>-77.60181,39.5425,0.0</coordinates></Point>"
"Waypoint: EnsignCow <br> Mile: 1054.2 <br> Additional <a href=""http://tnlandforms.us/at/m.php?wpt=EnsignCow"">information</a>",Ensign Cowall Shelter,"<Point><coordinates>-77.55566,39.63102,0.0</coordinates></Point>"
"Waypoint: DevilsRac <br> Mile: 1059.1 <br> Additional <a href=""http://tnlandforms.us/at/m.php?wpt=DevilsRac"">information</a>",Devils Racecourse Shelter,"<Point><coordinates>-77.5241,39.67197,0.0</coordinates></Point>"
"Waypoint: DeerLick <br> Mile: 1068.7 <br> Additional <a href=""http://tnlandforms.us/at/m.php?wpt=DeerLick"">information</a>",Deer Lick Shelters,"<Point><coordinates>-77.4848,39.76615,0.0</coordinates></Point>"
"Waypoint: Antietam <br> Mile: 1071.1 <br> Additional <a href=""http://tnlandforms.us/at/m.php?wpt=Antietam"">information</a>",Antietam Shelter,"<Point><coordinates>-77.48257,39.7938,0.0</coordinates></Point>"
"Waypoint: TumblingR <br> Mile: 1072.3 <br> Additional <a href=""http://tnlandforms.us/at/m.php?wpt=TumblingR"">information</a>",Tumbling Run Shelters,"<Point><coordinates>-77.47806,39.80484,0.0</coordinates></Point>"
"Waypoint: RockyMtn <br> Mile: 1078.9 <br> Additional <a href=""http://tnlandforms.us/at/m.php?wpt=RockyMtn"">information</a>",Rocky Mountain Shelters,"<Point><coordinates>-77.5006,39.86852,0.0</coordinates></Point>"
"Waypoint: QuarryGap <br> Mile: 1084.5 <br> Additional <a href=""http://tnlandforms.us/at/m.php?wpt=QuarryGap"">information</a>",Quarry Gap Shelters,"<Point><coordinates>-77.48638,39.93198,0.0</coordinates></Point>"
"Waypoint: BirchRun <br> Mile: 1091.9 <br> Additional <a href=""http://tnlandforms.us/at/m.php?wpt=BirchRun"">information</a>",Birch Run Shelters,"<Point><coordinates>-77.41943,39.98512,0.0</coordinates></Point>"
"Waypoint: TomsRun <br> Mile: 1098.1 <br> Additional <a href=""http://tnlandforms.us/at/m.php?wpt=TomsRun"">information</a>",Toms Run Shelters,"<Point><coordinates>-77.35678,40.03367,0.0</coordinates></Point>"
"Waypoint: JamesFry <br> Mile: 1109.0 <br> Additional <a href=""http://tnlandforms.us/at/m.php?wpt=JamesFry"">information</a>",James Fry Shelter,"<Point><coordinates>-77.20611,40.06295,0.0</coordinates></Point>"
"Waypoint: AlecKenne <br> Mile: 1117.1 <br> Additional <a href=""http://tnlandforms.us/at/m.php?wpt=AlecKenne"">information</a>",Alec Kennedy Shelter,"<Point><coordinates>-77.10403,40.11178,0.0</coordinates></Point>"
"Waypoint: Darlington <br> Mile: 1135.3 <br> Additional <a href=""http://tnlandforms.us/at/m.php?wpt=Darlington"">information</a>",Darlington Shelter,"<Point><coordinates>-77.0869,40.302,0.0</coordinates></Point>"
"Waypoint: ThelmaM <br> Mile: 1142.6 <br> Additional <a href=""http://tnlandforms.us/at/m.php?wpt=ThelmaM"">information</a>",Thelma Marks Shelter,"<Point><coordinates>-77.06726,40.36358,0.0</coordinates></Point>"
"Waypoint: ClarksFer <br> Mile: 1150.9 <br> Additional <a href=""http://tnlandforms.us/at/m.php?wpt=ClarksFer"">information</a>",Clarks Ferry Shelter,"<Point><coordinates>-76.99412,40.39238,0.0</coordinates></Point>"
"Waypoint: PetersMtn <br> Mile: 1157.6 <br> Additional <a href=""http://tnlandforms.us/at/m.php?wpt=PetersMtn"">information</a>",Peters Mountain Shelter,"<Point><coordinates>-76.87932,40.42593,0.0</coordinates></Point>"
"Waypoint: RauschGap <br> Mile: 1175.6 <br> Additional <a href=""http://tnlandforms.us/at/m.php?wpt=RauschGap"">information</a>",Rausch Gap Shelter,"<Point><coordinates>-76.60012,40.49865,0.0</coordinates></Point>"
"Waypoint: WilliamPe <br> Mile: 1189.0 <br> Additional <a href=""http://tnlandforms.us/at/m.php?wpt=WilliamPe"">information</a>",William Penn Shelter,"<Point><coordinates>-76.41409,40.49559,0.0</coordinates></Point>"
"Waypoint: 501Shltr <br> Mile: 1193.1 <br> Additional <a href=""http://tnlandforms.us/at/m.php?wpt=501Shltr"">information</a>",501 Shelter,"<Point><coordinates>-76.3464,40.51312,0.0</coordinates></Point>"
"Waypoint: EaglesNes <br> Mile: 1208.2 <br> Additional <a href=""http://tnlandforms.us/at/m.php?wpt=EaglesNes"">information</a>",Eagles Nest Shelter,"<Point><coordinates>-76.15239,40.54933,0.0</coordinates></Point>"
"Waypoint: WindsorFu <br> Mile: 1222.9 <br> Additional <a href=""http://tnlandforms.us/at/m.php?wpt=WindsorFu"">information</a>",Windsor Furnace Shelter,"<Point><coordinates>-75.94123,40.59055,0.0</coordinates></Point>"
"Waypoint: Eckville <br> Mile: 1232.0 <br> Additional <a href=""http://tnlandforms.us/at/m.php?wpt=Eckville"">information</a>",Eckville Shelter,"<Point><coordinates>-75.95789,40.63375,0.0</coordinates></Point>"
"Waypoint: Allentown <br> Mile: 1239.4 <br> Additional <a href=""http://tnlandforms.us/at/m.php?wpt=Allentown"">information</a>",Allentown Shelter,"<Point><coordinates>-75.87385,40.68305,0.0</coordinates></Point>"
"Waypoint: BakeOven <br> Mile: 1249.4 <br> Additional <a href=""http://tnlandforms.us/at/m.php?wpt=BakeOven"">information</a>",Bake Oven Knob Shelter,"<Point><coordinates>-75.72701,40.75411,0.0</coordinates></Point>"
"Waypoint: GeorgeW <br> Mile: 1256.2 <br> Additional <a href=""http://tnlandforms.us/at/m.php?wpt=GeorgeW"">information</a>",George W. Outerbridge Shelter,"<Point><coordinates>-75.61793,40.78249,0.0</coordinates></Point>"
"Waypoint: LeroyAS <br> Mile: 1272.9 <br> Additional <a href=""http://tnlandforms.us/at/m.php?wpt=LeroyAS"">information</a>",Leroy A. Smith Shelter,"<Point><coordinates>-75.35939,40.8394,0.0</coordinates></Point>"
"Waypoint: Kirkridge <br> Mile: 1286.6 <br> Additional <a href=""http://tnlandforms.us/at/m.php?wpt=Kirkridge"">information</a>",Kirkridge Shelter,"<Point><coordinates>-75.1864,40.93672,0.0</coordinates></Point>"
"Waypoint: BrinkRoad <br> Mile: 1317.8 <br> Additional <a href=""http://tnlandforms.us/at/m.php?wpt=BrinkRoad"">information</a>",Brink Road Shelter,"<Point><coordinates>-74.83777,41.15323,0.0</coordinates></Point>"
"Waypoint: GrenAnder <br> Mile: 1324.4 <br> Additional <a href=""http://tnlandforms.us/at/m.php?wpt=GrenAnder"">information</a>",Gren Anderson Shelter,"<Point><coordinates>-74.75264,41.19948,0.0</coordinates></Point>"
"Waypoint: Mashipacon <br> Mile: 1330.2 <br> Additional <a href=""http://tnlandforms.us/at/m.php?wpt=Mashipacon"">information</a>",Mashipacong Shelter,"<Point><coordinates>-74.68594,41.25216,0.0</coordinates></Point>"
"Waypoint: Rutherford <br> Mile: 1332.8 <br> Additional <a href=""http://tnlandforms.us/at/m.php?wpt=Rutherford"">information</a>",Rutherford Shelter,"<Point><coordinates>-74.67781,41.27746,0.0</coordinates></Point>"
"Waypoint: HighPoint <br> Mile: 1337.4 <br> Additional <a href=""http://tnlandforms.us/at/m.php?wpt=HighPoint"">information</a>",High Point Shelter,"<Point><coordinates>-74.65726,41.31575,0.0</coordinates></Point>"
"Waypoint: PochuckMt <br> Mile: 1349.8 <br> Additional <a href=""http://tnlandforms.us/at/m.php?wpt=PochuckMt"">information</a>",Pochuck Mountain Shelter,"<Point><coordinates>-74.51492,41.27126,0.0</coordinates></Point>"
"Waypoint: Wawayanda <br> Mile: 1361.3 <br> Additional <a href=""http://tnlandforms.us/at/m.php?wpt=Wawayanda"">information</a>",Wawayanda Shelter,"<Point><coordinates>-74.39771,41.20221,0.0</coordinates></Point>"
"Waypoint: Wildcat <br> Mile: 1373.4 <br> Additional <a href=""http://tnlandforms.us/at/m.php?wpt=Wildcat"">information</a>",Wildcat Shelter,"<Point><coordinates>-74.26777,41.26824,0.0</coordinates></Point>"
"Waypoint: Fingerboar <br> Mile: 1387.7 <br> Additional <a href=""http://tnlandforms.us/at/m.php?wpt=Fingerboar"">information</a>",Fingerboard Shelter,"<Point><coordinates>-74.10399,41.26327,0.0</coordinates></Point>"
"Waypoint: WilliamBr <br> Mile: 1393.0 <br> Additional <a href=""http://tnlandforms.us/at/m.php?wpt=WilliamBr"">information</a>",William Brien Memorial Shelter,"<Point><coordinates>-74.05929,41.27973,0.0</coordinates></Point>"
"Waypoint: WMtn <br> Mile: 1396.2 <br> Additional <a href=""http://tnlandforms.us/at/m.php?wpt=WMtn"">information</a>",West Mountain Shelter,"<Point><coordinates>-74.0092,41.28236,0.0</coordinates></Point>"
"Waypoint: RPH <br> Mile: 1428.4 <br> Additional <a href=""http://tnlandforms.us/at/m.php?wpt=RPH"">information</a>",RPH Shelter,"<Point><coordinates>-73.79236,41.51449,0.0</coordinates></Point>"
"Waypoint: MorganSte <br> Mile: 1437.4 <br> Additional <a href=""http://tnlandforms.us/at/m.php?wpt=MorganSte"">information</a>",Morgan Stewart Memorial Shelter,"<Point><coordinates>-73.6917,41.56454,0.0</coordinates></Point>"
"Waypoint: Telephone <br> Mile: 1445.2 <br> Additional <a href=""http://tnlandforms.us/at/m.php?wpt=Telephone"">information</a>",Telephone Pioneers Shelter,"<Point><coordinates>-73.6188,41.60382,0.0</coordinates></Point>"
"Waypoint: Wiley <br> Mile: 1454.0 <br> Additional <a href=""http://tnlandforms.us/at/m.php?wpt=Wiley"">information</a>",Wiley Shelter,"<Point><coordinates>-73.53239,41.63782,0.0</coordinates></Point>"
"Waypoint: TenMileR <br> Mile: 1458.0 <br> Additional <a href=""http://tnlandforms.us/at/m.php?wpt=TenMileR"">information</a>",Ten Mile River Lean-to,"<Point><coordinates>-73.50922,41.66516,0.0</coordinates></Point>"
"Waypoint: MtAlgo <br> Mile: 1466.4 <br> Additional <a href=""http://tnlandforms.us/at/m.php?wpt=MtAlgo"">information</a>",Mt. Algo Lean-to,"<Point><coordinates>-73.49581,41.7318,0.0</coordinates></Point>"
"Waypoint: StewartHo <br> Mile: 1473.7 <br> Additional <a href=""http://tnlandforms.us/at/m.php?wpt=StewartHo"">information</a>",Stewart Hollow Brook Lean-to,"<Point><coordinates>-73.41851,41.77928,0.0</coordinates></Point>"
"Waypoint: PineSBrk <br> Mile: 1483.7 <br> Additional <a href=""http://tnlandforms.us/at/m.php?wpt=PineSBrk"">information</a>",Pine Swamp Brook Lean-to,"<Point><coordinates>-73.39161,41.88167,0.0</coordinates></Point>"
"Waypoint: Limestone <br> Mile: 1495.1 <br> Additional <a href=""http://tnlandforms.us/at/m.php?wpt=Limestone"">information</a>",Limestone Spring Lean-to,"<Point><coordinates>-73.39231,41.97536,0.0</coordinates></Point>"
"Waypoint: Riga <br> Mile: 1502.6 <br> Additional <a href=""http://tnlandforms.us/at/m.php?wpt=Riga"">information</a>",Riga Lean-to,"<Point><coordinates>-73.45196,42.01562,0.0</coordinates></Point>"
"Waypoint: BrassieBr <br> Mile: 1503.8 <br> Additional <a href=""http://tnlandforms.us/at/m.php?wpt=BrassieBr"">information</a>",Brassie Brook Lean-to,"<Point><coordinates>-73.45335,42.02835,0.0</coordinates></Point>"
"Waypoint: TheHemloc <br> Mile: 1512.6 <br> Additional <a href=""http://tnlandforms.us/at/m.php?wpt=TheHemloc"">information</a>",The Hemlocks Lean-to,"<Point><coordinates>-73.42865,42.10968,0.0</coordinates></Point>"
"Waypoint: GlenBrook <br> Mile: 1512.7 <br> Additional <a href=""http://tnlandforms.us/at/m.php?wpt=GlenBrook"">information</a>",Glen Brook Lean-to,"<Point><coordinates>-73.42725,42.11102,0.0</coordinates></Point>"
"Waypoint: TomLeonar <br> Mile: 1527.0 <br> Additional <a href=""http://tnlandforms.us/at/m.php?wpt=TomLeonar"">information</a>",Tom Leonard Lean-to,"<Point><coordinates>-73.3058,42.16479,0.0</coordinates></Point>"
"Waypoint: MtWilcoxS <br> Mile: 1532.3 <br> Additional <a href=""http://tnlandforms.us/at/m.php?wpt=MtWilcoxS"">information</a>",Mt. Wilcox South Lean-to,"<Point><coordinates>-73.26829,42.20771,0.0</coordinates></Point>"
"Waypoint: MtWilcoxN <br> Mile: 1534.1 <br> Additional <a href=""http://tnlandforms.us/at/m.php?wpt=MtWilcoxN"">information</a>",Mt. Wilcox North Lean-to,"<Point><coordinates>-73.25018,42.22108,0.0</coordinates></Point>"
"Waypoint: UpperGoos <br> Mile: 1548.1 <br> Additional <a href=""http://tnlandforms.us/at/m.php?wpt=UpperGoos"">information</a>",Upper Goose Pond Cabin,"<Point><coordinates>-73.18142,42.28802,0.0</coordinates></Point>"
"Waypoint: OctoberMt <br> Mile: 1556.9 <br> Additional <a href=""http://tnlandforms.us/at/m.php?wpt=OctoberMt"">information</a>",October Mountain Lean-to,"<Point><coordinates>-73.15404,42.35493,0.0</coordinates></Point>"
"Waypoint: KayWood <br> Mile: 1565.7 <br> Additional <a href=""http://tnlandforms.us/at/m.php?wpt=KayWood"">information</a>",Kay Wood Lean-to,"<Point><coordinates>-73.16148,42.45211,0.0</coordinates></Point>"
"Waypoint: MarkNoepe <br> Mile: 1582.6 <br> Additional <a href=""http://tnlandforms.us/at/m.php?wpt=MarkNoepe"">information</a>",Mark Noepel Lean-to,"<Point><coordinates>-73.18415,42.60862,0.0</coordinates></Point>"
"Waypoint: BascomLdg <br> Mile: 1585.9 <br> Additional <a href=""http://tnlandforms.us/at/m.php?wpt=BascomLdg"">information</a>",Bascom Lodge,"<Point><coordinates>-73.16736,42.63686,0.0</coordinates></Point>"
"Waypoint: WilburClr <br> Mile: 1589.2 <br> Additional <a href=""http://tnlandforms.us/at/m.php?wpt=WilburClr"">information</a>",Wilbur Clearing Lean-to,"<Point><coordinates>-73.17015,42.66776,0.0</coordinates></Point>"
"Waypoint: SethWarne <br> Mile: 1599.1 <br> Additional <a href=""http://tnlandforms.us/at/m.php?wpt=SethWarne"">information</a>",Seth Warner Shelter,"<Point><coordinates>-73.13694,42.77193,0.0</coordinates></Point>"
"Waypoint: Congdon <br> Mile: 1606.3 <br> Additional <a href=""http://tnlandforms.us/at/m.php?wpt=Congdon"">information</a>",Congdon Shelter,"<Point><coordinates>-73.10994,42.84807,0.0</coordinates></Point>"
"Waypoint: MelvilleN <br> Mile: 1612.2 <br> Additional <a href=""http://tnlandforms.us/at/m.php?wpt=MelvilleN"">information</a>",Melville Nauheim Shelter,"<Point><coordinates>-73.09507,42.88782,0.0</coordinates></Point>"
"Waypoint: Goddard <br> Mile: 1620.7 <br> Additional <a href=""http://tnlandforms.us/at/m.php?wpt=Goddard"">information</a>",Goddard Shelter,"<Point><coordinates>-73.07169,42.97409,0.0</coordinates></Point>"
"Waypoint: KidGore <br> Mile: 1625.0 <br> Additional <a href=""http://tnlandforms.us/at/m.php?wpt=KidGore"">information</a>",Kid Gore Shelter,"<Point><coordinates>-73.04294,43.01406,0.0</coordinates></Point>"
"Waypoint: Caughnawag <br> Mile: 1625.0 <br> Additional <a href=""http://tnlandforms.us/at/m.php?wpt=Caughnawag"">information</a>",Caughnawaga Shelter,"<Point><coordinates>-73.04363,43.01497,0.0</coordinates></Point>"
"Waypoint: StorySpr <br> Mile: 1629.6 <br> Additional <a href=""http://tnlandforms.us/at/m.php?wpt=StorySpr"">information</a>",Story Spring Shelter,"<Point><coordinates>-73.01243,43.05035,0.0</coordinates></Point>"
"Waypoint: StrattonP <br> Mile: 1640.0 <br> Additional <a href=""http://tnlandforms.us/at/m.php?wpt=StrattonP"">information</a>",Stratton Pond Shelter,"<Point><coordinates>-72.96355,43.1005,0.0</coordinates></Point>"
"Waypoint: WilliamB <br> Mile: 1644.9 <br> Additional <a href=""http://tnlandforms.us/at/m.php?wpt=WilliamB"">information</a>",William B. Douglas Shelter,"<Point><coordinates>-72.99098,43.1444,0.0</coordinates></Point>"
"Waypoint: SprucePea <br> Mile: 1647.9 <br> Additional <a href=""http://tnlandforms.us/at/m.php?wpt=SprucePea"">information</a>",Spruce Peak Shelter,"<Point><coordinates>-72.9952,43.17858,0.0</coordinates></Point>"
"Waypoint: Bromley <br> Mile: 1652.7 <br> Additional <a href=""http://tnlandforms.us/at/m.php?wpt=Bromley"">information</a>",Bromley Shelter,"<Point><coordinates>-72.95048,43.22238,0.0</coordinates></Point>"
"Waypoint: PeruPeak <br> Mile: 1660.8 <br> Additional <a href=""http://tnlandforms.us/at/m.php?wpt=PeruPeak"">information</a>",Peru Peak Shelter,"<Point><coordinates>-72.95185,43.3012,0.0</coordinates></Point>"
"Waypoint: LostPond <br> Mile: 1665.5 <br> Additional <a href=""http://tnlandforms.us/at/m.php?wpt=LostPond"">information</a>",Lost Pond Shelter,"<Point><coordinates>-72.95257,43.3476,0.0</coordinates></Point>"
"Waypoint: OldJob <br> Mile: 1667.0 <br> Additional <a href=""http://tnlandforms.us/at/m.php?wpt=OldJob"">information</a>",Old Job Shelter,"<Point><coordinates>-72.92845,43.35404,0.0</coordinates></Point>"
"Waypoint: BigBranch <br> Mile: 1667.2 <br> Additional <a href=""http://tnlandforms.us/at/m.php?wpt=BigBranch"">information</a>",Big Branch Shelter,"<Point><coordinates>-72.9464,43.36413,0.0</coordinates></Point>"
"Waypoint: LulaTye <br> Mile: 1670.2 <br> Additional <a href=""http://tnlandforms.us/at/m.php?wpt=LulaTye"">information</a>",Lula Tye Shelter,"<Point><coordinates>-72.95466,43.39543,0.0</coordinates></Point>"
"Waypoint: LittleRoc <br> Mile: 1670.5 <br> Additional <a href=""http://tnlandforms.us/at/m.php?wpt=LittleRoc"">information</a>",Little Rock Pond Shelter,"<Point><coordinates>-72.95315,43.40408,0.0</coordinates></Point>"
"Waypoint: Greenwall <br> Mile: 1675.3 <br> Additional <a href=""http://tnlandforms.us/at/m.php?wpt=Greenwall"">information</a>",Greenwall Shelter,"<Point><coordinates>-72.92947,43.44059,0.0</coordinates></Point>"
"Waypoint: MinervaHi <br> Mile: 1680.4 <br> Additional <a href=""http://tnlandforms.us/at/m.php?wpt=MinervaHi"">information</a>",Minerva Hinchey Shelter,"<Point><coordinates>-72.92453,43.48786,0.0</coordinates></Point>"
"Waypoint: Clarendon <br> Mile: 1684.1 <br> Additional <a href=""http://tnlandforms.us/at/m.php?wpt=Clarendon"">information</a>",Clarendon Shelter,"<Point><coordinates>-72.91257,43.52354,0.0</coordinates></Point>"
"Waypoint: GovernorC <br> Mile: 1690.2 <br> Additional <a href=""http://tnlandforms.us/at/m.php?wpt=GovernorC"">information</a>",Governor Clement Shelter,"<Point><coordinates>-72.84836,43.56465,0.0</coordinates></Point>"
"Waypoint: CooperLdg <br> Mile: 1694.5 <br> Additional <a href=""http://tnlandforms.us/at/m.php?wpt=CooperLdg"">information</a>",Cooper Lodge,"<Point><coordinates>-72.82249,43.60606,0.0</coordinates></Point>"
"Waypoint: PicoCamp <br> Mile: 1697.0 <br> Additional <a href=""http://tnlandforms.us/at/m.php?wpt=PicoCamp"">information</a>",Pico Camp Shelter,"<Point><coordinates>-72.83101,43.6389,0.0</coordinates></Point>"
"Waypoint: Churchill <br> Mile: 1698.9 <br> Additional <a href=""http://tnlandforms.us/at/m.php?wpt=Churchill"">information</a>",Churchill Scott Shelter,"<Point><coordinates>-72.8534,43.64489,0.0</coordinates></Point>"
"Waypoint: TuckerJoh <br> Mile: 1701.8 <br> Additional <a href=""http://tnlandforms.us/at/m.php?wpt=TuckerJoh"">information</a>",Tucker Johnson removed,"<Point><coordinates>-72.84295,43.67943,0.0</coordinates></Point>"
"Waypoint: GiffordW <br> Mile: 1704.1 <br> Additional <a href=""http://tnlandforms.us/at/m.php?wpt=GiffordW"">information</a>",Gifford Woods State Park,"<Point><coordinates>-72.8112,43.67607,0.0</coordinates></Point>"
"Waypoint: StonyBrk <br> Mile: 1710.8 <br> Additional <a href=""http://tnlandforms.us/at/m.php?wpt=StonyBrk"">information</a>",Stony Brook Shelter,"<Point><coordinates>-72.73015,43.69176,0.0</coordinates></Point>"
"Waypoint: WintturiS <br> Mile: 1720.7 <br> Additional <a href=""http://tnlandforms.us/at/m.php?wpt=WintturiS"">information</a>",Wintturi Shelter,"<Point><coordinates>-72.62193,43.66218,0.0</coordinates></Point>"
"Waypoint: Cloudland <br> Mile: 1730.0 <br> Additional <a href=""http://tnlandforms.us/at/m.php?wpt=Cloudland"">information</a>",Cloudland Shelter,"<Point><coordinates>-72.49312,43.69214,0.0</coordinates></Point>"
"Waypoint: ThistleHi <br> Mile: 1732.3 <br> Additional <a href=""http://tnlandforms.us/at/m.php?wpt=ThistleHi"">information</a>",Thistle Hill Shelter,"<Point><coordinates>-72.47532,43.69518,0.0</coordinates></Point>"
"Waypoint: HappyHill <br> Mile: 1741.1 <br> Additional <a href=""http://tnlandforms.us/at/m.php?wpt=HappyHill"">information</a>",Happy Hill Shelter,"<Point><coordinates>-72.36524,43.72399,0.0</coordinates></Point>"
"Waypoint: VelvetRoc <br> Mile: 1748.4 <br> Additional <a href=""http://tnlandforms.us/at/m.php?wpt=VelvetRoc"">information</a>",Velvet Rocks Shelter,"<Point><coordinates>-72.26472,43.70251,0.0</coordinates></Point>"
"Waypoint: MooseMtn <br> Mile: 1757.9 <br> Additional <a href=""http://tnlandforms.us/at/m.php?wpt=MooseMtn"">information</a>",Moose Mountain Shelter,"<Point><coordinates>-72.14926,43.72718,0.0</coordinates></Point>"
"Waypoint: TrapperJ <br> Mile: 1763.6 <br> Additional <a href=""http://tnlandforms.us/at/m.php?wpt=TrapperJ"">information</a>",Trapper John Shelter,"<Point><coordinates>-72.11151,43.7831,0.0</coordinates></Point>"
"Waypoint: SmartsMtn <br> Mile: 1770.2 <br> Additional <a href=""http://tnlandforms.us/at/m.php?wpt=SmartsMtn"">information</a>",Smarts Mountain Cabin,"<Point><coordinates>-72.03737,43.82535,0.0</coordinates></Point>"
"Waypoint: Hexacuba <br> Mile: 1775.6 <br> Additional <a href=""http://tnlandforms.us/at/m.php?wpt=Hexacuba"">information</a>",Hexacuba Shelter,"<Point><coordinates>-72.02686,43.87623,0.0</coordinates></Point>"
"Waypoint: OreHill <br> Mile: 1782.7 <br> Additional <a href=""http://tnlandforms.us/at/m.php?wpt=OreHill"">information</a>",Ore Hill camp,"<Point><coordinates>-71.95744,43.92183,0.0</coordinates></Point>"
"Waypoint: JeffersBr <br> Mile: 1791.3 <br> Additional <a href=""http://tnlandforms.us/at/m.php?wpt=JeffersBr"">information</a>",Jeffers Brook Shelter,"<Point><coordinates>-71.88895,43.99668,0.0</coordinates></Point>"
"Waypoint: BeaverBrk <br> Mile: 1798.2 <br> Additional <a href=""http://tnlandforms.us/at/m.php?wpt=BeaverBrk"">information</a>",Beaver Brook Shelter,"<Point><coordinates>-71.81132,44.03304,0.0</coordinates></Point>"
"Waypoint: ElizaBrk <br> Mile: 1807.2 <br> Additional <a href=""http://tnlandforms.us/at/m.php?wpt=ElizaBrk"">information</a>",Eliza Brook Campsite Shelter,"<Point><coordinates>-71.74182,44.10074,0.0</coordinates></Point>"
"Waypoint: KinsmanP <br> Mile: 1811.2 <br> Additional <a href=""http://tnlandforms.us/at/m.php?wpt=KinsmanP"">information</a>",Kinsman Pond Campsite Shelter,"<Point><coordinates>-71.7323,44.13681,0.0</coordinates></Point>"
"Waypoint: LonesomeL <br> Mile: 1813.1 <br> Additional <a href=""http://tnlandforms.us/at/m.php?wpt=LonesomeL"">information</a>",Lonesome Lake Hut,"<Point><coordinates>-71.70312,44.13842,0.0</coordinates></Point>"
"Waypoint: Greenleaf <br> Mile: 1822.4 <br> Additional <a href=""http://tnlandforms.us/at/m.php?wpt=Greenleaf"">information</a>",Greenleaf Hut,"<Point><coordinates>-71.66024,44.16024,0.0</coordinates></Point>"
"Waypoint: GarfieldR <br> Mile: 1826.3 <br> Additional <a href=""http://tnlandforms.us/at/m.php?wpt=GarfieldR"">information</a>",Garfield Ridge Campsite Shelter,"<Point><coordinates>-71.60836,44.19069,0.0</coordinates></Point>"
"Waypoint: Galehead <br> Mile: 1829.0 <br> Additional <a href=""http://tnlandforms.us/at/m.php?wpt=Galehead"">information</a>",Galehead Hut,"<Point><coordinates>-71.56885,44.18777,0.0</coordinates></Point>"
"Waypoint: GuyotCamp <br> Mile: 1831.8 <br> Additional <a href=""http://tnlandforms.us/at/m.php?wpt=GuyotCamp"">information</a>",Guyot Campsite Shelter,"<Point><coordinates>-71.53504,44.16104,0.0</coordinates></Point>"
"Waypoint: ZealandF <br> Mile: 1836.0 <br> Additional <a href=""http://tnlandforms.us/at/m.php?wpt=ZealandF"">information</a>",Zealand Falls Hut,"<Point><coordinates>-71.49431,44.19583,0.0</coordinates></Point>"
"Waypoint: EthanPond <br> Mile: 1840.8 <br> Additional <a href=""http://tnlandforms.us/at/m.php?wpt=EthanPond"">information</a>",Ethan Pond Campsite Shelter,"<Point><coordinates>-71.42659,44.17715,0.0</coordinates></Point>"
"Waypoint: MizpahSpr <br> Mile: 1850.1 <br> Additional <a href=""http://tnlandforms.us/at/m.php?wpt=MizpahSpr"">information</a>",Mizpah Spring Hut,"<Point><coordinates>-71.36956,44.2193,0.0</coordinates></Point>"
"Waypoint: LakeofCl <br> Mile: 1854.8 <br> Additional <a href=""http://tnlandforms.us/at/m.php?wpt=LakeofCl"">information</a>",Lake of the Clouds Hut,"<Point><coordinates>-71.31879,44.2589,0.0</coordinates></Point>"
"Waypoint: HermitLk1 <br> Mile: 1856.2 <br> Additional <a href=""http://tnlandforms.us/at/m.php?wpt=HermitLk1"">information</a>",Hermit Lake Shelter (1 of 2),"<Point><coordinates>-71.2863,44.26109,0.0</coordinates></Point>"
"Waypoint: HermitLk2 <br> Mile: 1856.2 <br> Additional <a href=""http://tnlandforms.us/at/m.php?wpt=HermitLk2"">information</a>",Hermit Lake Shelter (2 of 2),"<Point><coordinates>-71.28588,44.2613,0.0</coordinates></Point>"
"Waypoint: ThePerch <br> Mile: 1860.4 <br> Additional <a href=""http://tnlandforms.us/at/m.php?wpt=ThePerch"">information</a>",The Perch Shelter,"<Point><coordinates>-71.31048,44.32446,0.0</coordinates></Point>"
"Waypoint: GrayKnob <br> Mile: 1861.0 <br> Additional <a href=""http://tnlandforms.us/at/m.php?wpt=GrayKnob"">information</a>",Gray Knob,"<Point><coordinates>-71.31004,44.33226,0.0</coordinates></Point>"
"Waypoint: CragCamp <br> Mile: 1861.0 <br> Additional <a href=""http://tnlandforms.us/at/m.php?wpt=CragCamp"">information</a>",Crag Camp,"<Point><coordinates>-71.30202,44.33491,0.0</coordinates></Point>"
"Waypoint: MadisonSp <br> Mile: 1861.9 <br> Additional <a href=""http://tnlandforms.us/at/m.php?wpt=MadisonSp"">information</a>",Madison Springs Hut,"<Point><coordinates>-71.28318,44.32779,0.0</coordinates></Point>"
"Waypoint: CarterNot <br> Mile: 1875.6 <br> Additional <a href=""http://tnlandforms.us/at/m.php?wpt=CarterNot"">information</a>",Carter Notch Hut,"<Point><coordinates>-71.19533,44.25926,0.0</coordinates></Point>"
"Waypoint: ImpCamp <br> Mile: 1882.8 <br> Additional <a href=""http://tnlandforms.us/at/m.php?wpt=ImpCamp"">information</a>",Imp Campsite Shelter,"<Point><coordinates>-71.15004,44.32886,0.0</coordinates></Point>"
"Waypoint: RattleRvr <br> Mile: 1888.9 <br> Additional <a href=""http://tnlandforms.us/at/m.php?wpt=RattleRvr"">information</a>",Rattle River Shelter,"<Point><coordinates>-71.10743,44.3799,0.0</coordinates></Point>"
"Waypoint: GentianP <br> Mile: 1902.6 <br> Additional <a href=""http://tnlandforms.us/at/m.php?wpt=GentianP"">information</a>",Gentian Pond Campsite Shelter,"<Point><coordinates>-71.06938,44.4518,0.0</coordinates></Point>"
"Waypoint: CarloCol <br> Mile: 1907.8 <br> Additional <a href=""http://tnlandforms.us/at/m.php?wpt=CarloCol"">information</a>",Carlo Col Shelter,"<Point><coordinates>-71.01618,44.48867,0.0</coordinates></Point>"
"Waypoint: FullGoose <br> Mile: 1912.2 <br> Additional <a href=""http://tnlandforms.us/at/m.php?wpt=FullGoose"">information</a>",Full Goose Shelter,"<Point><coordinates>-70.98088,44.52515,0.0</coordinates></Point>"
"Waypoint: SpeckPond <br> Mile: 1917.3 <br> Additional <a href=""http://tnlandforms.us/at/m.php?wpt=SpeckPond"">information</a>",Speck Pond Shelter,"<Point><coordinates>-70.97362,44.56469,0.0</coordinates></Point>"
"Waypoint: Baldpate <br> Mile: 1924.2 <br> Additional <a href=""http://tnlandforms.us/at/m.php?wpt=Baldpate"">information</a>",Baldpate Lean-to,"<Point><coordinates>-70.91167,44.59842,0.0</coordinates></Point>"
"Waypoint: FryeNotch <br> Mile: 1927.7 <br> Additional <a href=""http://tnlandforms.us/at/m.php?wpt=FryeNotch"">information</a>",Frye Notch Lean-to,"<Point><coordinates>-70.89983,44.62791,0.0</coordinates></Point>"
"Waypoint: HallMtn <br> Mile: 1938.2 <br> Additional <a href=""http://tnlandforms.us/at/m.php?wpt=HallMtn"">information</a>",Hall Mountain Lean-to,"<Point><coordinates>-70.82473,44.70079,0.0</coordinates></Point>"
"Waypoint: BemisMtn <br> Mile: 1951.0 <br> Additional <a href=""http://tnlandforms.us/at/m.php?wpt=BemisMtn"">information</a>",Bemis Mountain Lean-to,"<Point><coordinates>-70.75588,44.81018,0.0</coordinates></Point>"
"Waypoint: SabbathDa <br> Mile: 1959.3 <br> Additional <a href=""http://tnlandforms.us/at/m.php?wpt=SabbathDa"">information</a>",Sabbath Day Pond Lean-to,"<Point><coordinates>-70.66212,44.84094,0.0</coordinates></Point>"
"Waypoint: PiazzaRoc <br> Mile: 1970.5 <br> Additional <a href=""http://tnlandforms.us/at/m.php?wpt=PiazzaRoc"">information</a>",Piazza Rock Lean-to,"<Point><coordinates>-70.53004,44.90418,0.0</coordinates></Point>"
"Waypoint: PoplarRi <br> Mile: 1979.4 <br> Additional <a href=""http://tnlandforms.us/at/m.php?wpt=PoplarRi"">information</a>",Poplar Ridge Lean-to,"<Point><coordinates>-70.44534,44.97,0.0</coordinates></Point>"
"Waypoint: Spaulding <br> Mile: 1987.4 <br> Additional <a href=""http://tnlandforms.us/at/m.php?wpt=Spaulding"">information</a>",Spaulding Mountain Lean-to,"<Point><coordinates>-70.34134,44.99577,0.0</coordinates></Point>"
"Waypoint: HornsPond <br> Mile: 2006.0 <br> Additional <a href=""http://tnlandforms.us/at/m.php?wpt=HornsPond"">information</a>",Horns Pond Lean-tos,"<Point><coordinates>-70.32966,45.14388,0.0</coordinates></Point>"
"Waypoint: LittleBig <br> Mile: 2016.2 <br> Additional <a href=""http://tnlandforms.us/at/m.php?wpt=LittleBig"">information</a>",Little Bigelow Lean-to,"<Point><coordinates>-70.19115,45.13917,0.0</coordinates></Point>"
"Waypoint: WestCarry <br> Mile: 2023.9 <br> Additional <a href=""http://tnlandforms.us/at/m.php?wpt=WestCarry"">information</a>",West Carry Pond Lean-to,"<Point><coordinates>-70.09977,45.15803,0.0</coordinates></Point>"
"Waypoint: PiercePon <br> Mile: 2033.9 <br> Additional <a href=""http://tnlandforms.us/at/m.php?wpt=PiercePon"">information</a>",Pierce Pond Lean-to,"<Point><coordinates>-70.05548,45.24025,0.0</coordinates></Point>"
"Waypoint: PleasantP <br> Mile: 2043.6 <br> Additional <a href=""http://tnlandforms.us/at/m.php?wpt=PleasantP"">information</a>",Pleasant Pond Lean-to,"<Point><coordinates>-69.91675,45.27119,0.0</coordinates></Point>"
"Waypoint: BaldMtnB <br> Mile: 2052.6 <br> Additional <a href=""http://tnlandforms.us/at/m.php?wpt=BaldMtnB"">information</a>",Bald Mountain Brook Lean-to,"<Point><coordinates>-69.79947,45.25854,0.0</coordinates></Point>"
"Waypoint: MoxieBald <br> Mile: 2056.7 <br> Additional <a href=""http://tnlandforms.us/at/m.php?wpt=MoxieBald"">information</a>",Moxie Bald Lean-to,"<Point><coordinates>-69.74534,45.27068,0.0</coordinates></Point>"
"Waypoint: Horseshoe <br> Mile: 2065.6 <br> Additional <a href=""http://tnlandforms.us/at/m.php?wpt=Horseshoe"">information</a>",Horseshoe Canyon Lean-to,"<Point><coordinates>-69.62759,45.28274,0.0</coordinates></Point>"
"Waypoint: LeemanBrk <br> Mile: 2077.6 <br> Additional <a href=""http://tnlandforms.us/at/m.php?wpt=LeemanBrk"">information</a>",Leeman Brook Lean-to,"<Point><coordinates>-69.49877,45.35151,0.0</coordinates></Point>"
"Waypoint: WilsonVal <br> Mile: 2085.0 <br> Additional <a href=""http://tnlandforms.us/at/m.php?wpt=WilsonVal"">information</a>",Wilson Valley Lean-to,"<Point><coordinates>-69.45921,45.39873,0.0</coordinates></Point>"
"Waypoint: LongPond <br> Mile: 2089.7 <br> Additional <a href=""http://tnlandforms.us/at/m.php?wpt=LongPond"">information</a>",Long Pond Stream Lean-to,"<Point><coordinates>-69.4096,45.4211,0.0</coordinates></Point>"
"Waypoint: CloudPond <br> Mile: 2093.7 <br> Additional <a href=""http://tnlandforms.us/at/m.php?wpt=CloudPond"">information</a>",Cloud Pond Lean-to,"<Point><coordinates>-69.35322,45.41804,0.0</coordinates></Point>"
"Waypoint: Chairback <br> Mile: 2100.6 <br> Additional <a href=""http://tnlandforms.us/at/m.php?wpt=Chairback"">information</a>",Chairback Gap Lean-to,"<Point><coordinates>-69.26174,45.45311,0.0</coordinates></Point>"
"Waypoint: CarlANew <br> Mile: 2110.5 <br> Additional <a href=""http://tnlandforms.us/at/m.php?wpt=CarlANew"">information</a>",Carl A. Newhall Lean-to,"<Point><coordinates>-69.31513,45.53106,0.0</coordinates></Point>"
"Waypoint: LoganBrk <br> Mile: 2117.7 <br> Additional <a href=""http://tnlandforms.us/at/m.php?wpt=LoganBrk"">information</a>",Logan Brook Lean-to,"<Point><coordinates>-69.23512,45.5609,0.0</coordinates></Point>"
"Waypoint: EastBranc <br> Mile: 2121.3 <br> Additional <a href=""http://tnlandforms.us/at/m.php?wpt=EastBranc"">information</a>",East Branch Lean-to,"<Point><coordinates>-69.19816,45.59676,0.0</coordinates></Point>"
"Waypoint: CooperBr <br> Mile: 2129.4 <br> Additional <a href=""http://tnlandforms.us/at/m.php?wpt=CooperBr"">information</a>",Cooper Brook Falls Lean-to,"<Point><coordinates>-69.0874,45.6405,0.0</coordinates></Point>"
"Waypoint: Potaywadjo <br> Mile: 2140.8 <br> Additional <a href=""http://tnlandforms.us/at/m.php?wpt=Potaywadjo"">information</a>",Potaywadjo Spring Lean-to,"<Point><coordinates>-69.00738,45.70653,0.0</coordinates></Point>"
"Waypoint: WadleighS <br> Mile: 2150.9 <br> Additional <a href=""http://tnlandforms.us/at/m.php?wpt=WadleighS"">information</a>",Wadleigh Stream Lean-to,"<Point><coordinates>-69.14447,45.74702,0.0</coordinates></Point>"
"Waypoint: RainbowSt <br> Mile: 2159.0 <br> Additional <a href=""http://tnlandforms.us/at/m.php?wpt=RainbowSt"">information</a>",Rainbow Stream Lean-to,"<Point><coordinates>-69.17041,45.79906,0.0</coordinates></Point>"
"Waypoint: HurdBrook <br> Mile: 2170.5 <br> Additional <a href=""http://tnlandforms.us/at/m.php?wpt=HurdBrook"">information</a>",Hurd Brook Lean-to,"<Point><coordinates>-69.01847,45.81852,0.0</coordinates></Point>"
"Waypoint: TheBirche <br> Mile: 2183.9 <br> Additional <a href=""http://tnlandforms.us/at/m.php?wpt=TheBirche"">information</a>",The Birches Shelters,"<Point><coordinates>-68.99905,45.88675,0.0</coordinates></Point>"
